﻿[
    [
        {
            "ï»¿web-scraper-order": "1621686392-56", 
            "web-scraper-start-url": "https://www.amazon.com/s?i=fashion-mens-intl-ship&bbn=16225019011&rh=n%3A16225019011%2Cn%3A1040658%2Cn%3A2476517011&dc&qid=1621683679&rnid=1040658&ref=sr_nr_n_1",
            "title": "JOGAL Men's Flower Casual Button Down Short Sleeve Hawaiian Shirt Suits",
            "image": "https://m.media-amazon.com/images/I/71abnYEKqML._AC_UL320_.jpg",
            "price": "30"
  ,
  "description": "lorem ipsum falana teengra dorime ameno ameno lachirey ameno mai dorime do la sorey ameno himtey dary ameno lachi re lachi re ameno"

        },
        {
            "ï»¿web-scraper-order": "1621686392-33",
            "web-scraper-start-url": "https://www.amazon.com/s?i=fashion-mens-intl-ship&bbn=16225019011&rh=n%3A16225019011%2Cn%3A1040658%2Cn%3A2476517011&dc&qid=1621683679&rnid=1040658&ref=sr_nr_n_1",
            "image": "https://m.media-amazon.com/images/I/717Ad9VW5vL._AC_UL320_.jpg",
            "title": "Hanes Men's Long-Sleeve ComfortSoft T-Shirt (Pack of 4)",
            "price":"20"
  ,
  "description": "lorem ipsum falana teengra dorime ameno ameno lachirey ameno mai dorime do la sorey ameno himtey dary ameno lachi re lachi re ameno"
        },

        {
            "ï»¿web-scraper-order": "1621686392-64",
            "web-scraper-start-url": "https://www.amazon.com/s?i=fashion-mens-intl-ship&bbn=16225019011&rh=n%3A16225019011%2Cn%3A1040658%2Cn%3A2476517011&dc&qid=1621683679&rnid=1040658&ref=sr_nr_n_1",
            "title": "Hanes Men's Long-Sleeve ComfortSoft T-Shirt (Pack of 4)",
            "image": "https://m.media-amazon.com/images/I/91YuQ25qu5L._AC_UL320_.jpg",
            "price":"40"
  ,
  "description": "lorem ipsum falana teengra dorime ameno ameno lachirey ameno mai dorime do la sorey ameno himtey dary ameno lachi re lachi re ameno"
        },
        {
            "ï»¿web-scraper-order": "1621686392-43",
            "web-scraper-start-url": "https://www.amazon.com/s?i=fashion-mens-intl-ship&bbn=16225019011&rh=n%3A16225019011%2Cn%3A1040658%2Cn%3A2476517011&dc&qid=1621683679&rnid=1040658&ref=sr_nr_n_1",
            "image":"https://m.media-amazon.com/images/I/81woNVByHSL._AC_UL320_.jpg",
            "title": "Amazon Essentials Men's Slim-Fit Long-Sleeve Pattern Pocket Oxford Shirt",
            "price":"15"
  ,
  "description": "lorem ipsum falana teengra dorime ameno ameno lachirey ameno mai dorime do la sorey ameno himtey dary ameno lachi re lachi re ameno"
        },
    
        {
            "ï»¿web-scraper-order": "1621686392-47",
            "web-scraper-start-url": "https://www.amazon.com/s?i=fashion-mens-intl-ship&bbn=16225019011&rh=n%3A16225019011%2Cn%3A1040658%2Cn%3A2476517011&dc&qid=1621683679&rnid=1040658&ref=sr_nr_n_1",
            "title": "VATPAVE Mens Floral Hawaiian Shirts Short Sleeve Button Down Beach Shirts",
            "image": "https://m.media-amazon.com/images/I/71kM3J7wfHL._AC_UL320_.jpg",		
            "price":"45"
  ,
  "description": "lorem ipsum falana teengra dorime ameno ameno lachirey ameno mai dorime do la sorey ameno himtey dary ameno lachi re lachi re ameno"

        },
        {
            "ï»¿web-scraper-order": "1621686392-66",
            "web-scraper-start-url": "https://www.amazon.com/s?i=fashion-mens-intl-ship&bbn=16225019011&rh=n%3A16225019011%2Cn%3A1040658%2Cn%3A2476517011&dc&qid=1621683679&rnid=1040658&ref=sr_nr_n_1",
            "title": "Gildan Men's Heavy Cotton T-Shirt, Style G5000, 2-Pack",
            "image": "https://m.media-amazon.com/images/I/71Svz58xiVL._AC_UL320_.jpg",
            "price":"55"
  ,
  "description": "lorem ipsum falana teengra dorime ameno ameno lachirey ameno mai dorime do la sorey ameno himtey dary ameno lachi re lachi re ameno"

        }

    ],

    [

        {
          "web-scraper-order": "1621774089-185",
          "web-scraper-start-url": "https://www.amazon.com/s?bbn=16225018011&rh=n%3A7141123011%2Cn%3A16225018011%2Cn%3A679337011&pf_rd_i=16225018011&pf_rd_m=ATVPDKIKX0DER&pf_rd_p=e9a7a2cd-d373-460c-8c25-702b5e2acb03&pf_rd_r=RJ3XFTJ80QN3485FFZDG&pf_rd_s=merchandised-search-4&pf_rd_t=101&ref=s9_acss_bw_cts_AEAISWF_T2_w",
          "image": "https://m.media-amazon.com/images/I/51Ycwl+VydL._AC_UL320_.jpg",
          "title": "FUNKYMONKEY Women's Comfort Slides Double Buckle Adjustable EVA Flat Sandals",
          "price": "50"
,
"description": "lorem ipsum falana teengra dorime ameno ameno lachirey ameno mai dorime do la sorey ameno himtey dary ameno lachi re lachi re ameno"
        },
        {
          "web-scraper-order": "1621774089-212",
          "web-scraper-start-url": "https://www.amazon.com/s?bbn=16225018011&rh=n%3A7141123011%2Cn%3A16225018011%2Cn%3A679337011&pf_rd_i=16225018011&pf_rd_m=ATVPDKIKX0DER&pf_rd_p=e9a7a2cd-d373-460c-8c25-702b5e2acb03&pf_rd_r=RJ3XFTJ80QN3485FFZDG&pf_rd_s=merchandised-search-4&pf_rd_t=101&ref=s9_acss_bw_cts_AEAISWF_T2_w",
          "image": "https://m.media-amazon.com/images/I/81mwspxjpgL._AC_UL320_.jpg",
          "title": "Brooks Women's Adrenaline GTS 21",
          "price": "30"
,
"description": "lorem ipsum falana teengra dorime ameno ameno lachirey ameno mai dorime do la sorey ameno himtey dary ameno lachi re lachi re ameno"
        },
       
        {
          "web-scraper-order": "1621774089-191",
          "web-scraper-start-url": "https://www.amazon.com/s?bbn=16225018011&rh=n%3A7141123011%2Cn%3A16225018011%2Cn%3A679337011&pf_rd_i=16225018011&pf_rd_m=ATVPDKIKX0DER&pf_rd_p=e9a7a2cd-d373-460c-8c25-702b5e2acb03&pf_rd_r=RJ3XFTJ80QN3485FFZDG&pf_rd_s=merchandised-search-4&pf_rd_t=101&ref=s9_acss_bw_cts_AEAISWF_T2_w",
          "image": "https://m.media-amazon.com/images/I/6144k0M50TL._AC_UL320_.jpg",
          "title": "Reef Women's Cushion Breeze Sandal",
          "price": "69"
,
"description": "lorem ipsum falana teengra dorime ameno ameno lachirey ameno mai dorime do la sorey ameno himtey dary ameno lachi re lachi re ameno"
        },
        {
          "web-scraper-order": "1621774089-163",
          "web-scraper-start-url": "https://www.amazon.com/s?bbn=16225018011&rh=n%3A7141123011%2Cn%3A16225018011%2Cn%3A679337011&pf_rd_i=16225018011&pf_rd_m=ATVPDKIKX0DER&pf_rd_p=e9a7a2cd-d373-460c-8c25-702b5e2acb03&pf_rd_r=RJ3XFTJ80QN3485FFZDG&pf_rd_s=merchandised-search-4&pf_rd_t=101&ref=s9_acss_bw_cts_AEAISWF_T2_w",
          "image": "https://m.media-amazon.com/images/I/71ANbA7wX+L._AC_UL320_.jpg",
          "title": "Teva Women's Tirra Sandal",
          "price": "25"
,
"description": "lorem ipsum falana teengra dorime ameno ameno lachirey ameno mai dorime do la sorey ameno himtey dary ameno lachi re lachi re ameno"
        },
        {
          "web-scraper-order": "1621774089-169",
          "web-scraper-start-url": "https://www.amazon.com/s?bbn=16225018011&rh=n%3A7141123011%2Cn%3A16225018011%2Cn%3A679337011&pf_rd_i=16225018011&pf_rd_m=ATVPDKIKX0DER&pf_rd_p=e9a7a2cd-d373-460c-8c25-702b5e2acb03&pf_rd_r=RJ3XFTJ80QN3485FFZDG&pf_rd_s=merchandised-search-4&pf_rd_t=101&ref=s9_acss_bw_cts_AEAISWF_T2_w",
          "image": "https://m.media-amazon.com/images/I/81ttu9aElmL._AC_UL320_.jpg",
          "title": "Wild Origins Inflatable Stand Up Paddle Board",
          "price": "70"
,
"description": "lorem ipsum falana teengra dorime ameno ameno lachirey ameno mai dorime do la sorey ameno himtey dary ameno lachi re lachi re ameno"
        },
        
        {
          "web-scraper-order": "1621774089-213",
          "web-scraper-start-url": "https://www.amazon.com/s?bbn=16225018011&rh=n%3A7141123011%2Cn%3A16225018011%2Cn%3A679337011&pf_rd_i=16225018011&pf_rd_m=ATVPDKIKX0DER&pf_rd_p=e9a7a2cd-d373-460c-8c25-702b5e2acb03&pf_rd_r=RJ3XFTJ80QN3485FFZDG&pf_rd_s=merchandised-search-4&pf_rd_t=101&ref=s9_acss_bw_cts_AEAISWF_T2_w",
          "image": "https://m.media-amazon.com/images/I/51z+WWfRoPL._AC_UL320_.jpg",
          "title": "Dr. Martens Women's Vegan Blaire Cambridge Fisherman Sandal",
          "price": "55"
,
"description": "lorem ipsum falana teengra dorime ameno ameno lachirey ameno mai dorime do la sorey ameno himtey dary ameno lachi re lachi re ameno"
        }
        
    ],
    [
        {
          "web-scraper-order": "1621775804-265",
          "web-scraper-start-url": "https://www.amazon.com/s?k=gym+clothing+for+men&crid=M1JVAHLYT803&sprefix=gym+clothing%2Cfashion-womens-intl-ship%2C405&ref=nb_sb_ss_ts-doa-p_1_12",
          "image": "https://m.media-amazon.com/images/I/71kyvV6HFkL._AC_UL320_.jpg",
          "title": "Mens Gym Workout Slim Fit Short Sleeve T-Shirt Cotton",
          "price": "50"
,
"description": "lorem ipsum falana teengra dorime ameno ameno lachirey ameno mai dorime do la sorey ameno himtey dary ameno lachi re lachi re ameno"
        },
        {
          "web-scraper-order": "1621775804-250",
          "web-scraper-start-url": "https://www.amazon.com/s?k=gym+clothing+for+men&crid=M1JVAHLYT803&sprefix=gym+clothing%2Cfashion-womens-intl-ship%2C405&ref=nb_sb_ss_ts-doa-p_1_12",
          "image": "https://m.media-amazon.com/images/I/61ChyDox65L._AC_UL320_.jpg",
          "title": "Under Armour Men's Raid 10-inch Workout Gym Shorts",
          "price": "40"
,
"description": "lorem ipsum falana teengra dorime ameno ameno lachirey ameno mai dorime do la sorey ameno himtey dary ameno lachi re lachi re ameno"
        },
        {
          "web-scraper-order": "1621775804-256",
          "web-scraper-start-url": "https://www.amazon.com/s?k=gym+clothing+for+men&crid=M1JVAHLYT803&sprefix=gym+clothing%2Cfashion-womens-intl-ship%2C405&ref=nb_sb_ss_ts-doa-p_1_12",
          "image": "https://m.media-amazon.com/images/I/816KSGp7QLL._AC_UL320_.jpg",
          "title": "FLYFIREFLY Men's 2-in-1 Workout Running Shorts",
          "price": "60"
,
"description": "lorem ipsum falana teengra dorime ameno ameno lachirey ameno mai dorime do la sorey ameno himtey dary ameno lachi re lachi re ameno"
        },
        {
          "web-scraper-order": "1621775804-277",
          "web-scraper-start-url": "https://www.amazon.com/s?k=gym+clothing+for+men&crid=M1JVAHLYT803&sprefix=gym+clothing%2Cfashion-womens-intl-ship%2C405&ref=nb_sb_ss_ts-doa-p_1_12",
          "image": "https://m.media-amazon.com/images/I/71D-oVGsfyL._AC_UL320_.jpg",
          "title": "EUOW Men's Tie Dye Tank Tops Printed Summer Sleeveless",
          "price": "35"
,
"description": "lorem ipsum falana teengra dorime ameno ameno lachirey ameno mai dorime do la sorey ameno himtey dary ameno lachi re lachi re ameno"
        },
        {
          "web-scraper-order": "1621775804-331",
          "web-scraper-start-url": "https://www.amazon.com/s?k=gym+clothing+for+men&crid=M1JVAHLYT803&sprefix=gym+clothing%2Cfashion-womens-intl-ship%2C405&ref=nb_sb_ss_ts-doa-p_1_12",
          "image": "https://m.media-amazon.com/images/I/61LlRLgyZFL._AC_UL320_.jpg",
          "title": "Champion Men's Classic Jersey Muscle Tee, Screen Print Script",
          "price": "19"
,
"description": "lorem ipsum falana teengra dorime ameno ameno lachirey ameno mai dorime do la sorey ameno himtey dary ameno lachi re lachi re ameno"
        },
       
       
        {
          "web-scraper-order": "1621775804-260",
          "web-scraper-start-url": "https://www.amazon.com/s?k=gym+clothing+for+men&crid=M1JVAHLYT803&sprefix=gym+clothing%2Cfashion-womens-intl-ship%2C405&ref=nb_sb_ss_ts-doa-p_1_12",
          "image": "https://m.media-amazon.com/images/I/61UMeG3+iDL._AC_UL320_.jpg",
          "title": "MCPORO Mens Athletic Shorts with Pockets Quick Drying Activewear",
          "price": "55"
,
"description": "lorem ipsum falana teengra dorime ameno ameno lachirey ameno mai dorime do la sorey ameno himtey dary ameno lachi re lachi re ameno"
        }
    ],
    [
        {
          "web-scraper-order": "1621779917-377",
          "web-scraper-start-url": "https://www.amazon.com/s?i=specialty-aps&bbn=16225007011&rh=n%3A16225007011%2Cn%3A13896617011&ref=nav_em__nav_desktop_sa_intl_computers_tablets_0_2_6_4",
          "image": "https://m.media-amazon.com/images/I/81gqqKQVkAL._AC_UL320_.jpg",
          "title": "iBUYPOWER Gaming PC Computer Desktop Element Mini 9300, Windows 10 Home)",
          "price": "700" 
,
"description": "lorem ipsum falana teengra dorime ameno ameno lachirey ameno mai dorime do la sorey ameno himtey dary ameno lachi re lachi re ameno"
        },
        {
          "web-scraper-order": "1621779917-353",
          "web-scraper-start-url": "https://www.amazon.com/s?i=specialty-aps&bbn=16225007011&rh=n%3A16225007011%2Cn%3A13896617011&ref=nav_em__nav_desktop_sa_intl_computers_tablets_0_2_6_4",
          "image": "https://m.media-amazon.com/images/I/71CXtWQZ5iL._AC_UL320_.jpg",
          "title": "HP Envy Desktop Computer, Intel Core i7-10700, 16 GB RAM",
          "price": "500"
,
"description": "lorem ipsum falana teengra dorime ameno ameno lachirey ameno mai dorime do la sorey ameno himtey dary ameno lachi re lachi re ameno"
        },
       
        {
          "web-scraper-order": "1621779917-382",
          "web-scraper-start-url": "https://www.amazon.com/s?i=specialty-aps&bbn=16225007011&rh=n%3A16225007011%2Cn%3A13896617011&ref=nav_em__nav_desktop_sa_intl_computers_tablets_0_2_6_4",
          "image": "https://m.media-amazon.com/images/I/81AbJXWCxXL._AC_UL320_.jpg",
          "title": "SAMSUNG XE350XBA-K01US Chromebook 4 + Chrome OS 15.6",
          "price": "750"
,
"description": "lorem ipsum falana teengra dorime ameno ameno lachirey ameno mai dorime do la sorey ameno himtey dary ameno lachi re lachi re ameno"
        },
        
        {
          "web-scraper-order": "1621779917-388",
          "web-scraper-start-url": "https://www.amazon.com/s?i=specialty-aps&bbn=16225007011&rh=n%3A16225007011%2Cn%3A13896617011&ref=nav_em__nav_desktop_sa_intl_computers_tablets_0_2_6_4",
          "image": "https://m.media-amazon.com/images/I/71s1LRpaprL._AC_UL320_.jpg",
          "title": "Lenovo Legion 5 Gaming Laptop, 15.6\" FHD (1920x1080) IPS Screen",
          "price": "600"
,
"description": "lorem ipsum falana teengra dorime ameno ameno lachirey ameno mai dorime do la sorey ameno himtey dary ameno lachi re lachi re ameno"
        },
       
        {
          "web-scraper-order": "1621779917-386",
          "web-scraper-start-url": "https://www.amazon.com/s?i=specialty-aps&bbn=16225007011&rh=n%3A16225007011%2Cn%3A13896617011&ref=nav_em__nav_desktop_sa_intl_computers_tablets_0_2_6_4",
          "image": "https://m.media-amazon.com/images/I/61uGUA0i5AL._AC_UL320_.jpg",
          "title": "Lenovo IdeaPad 3 15\" Laptop, 15.6\" HD (1366 x 768) Display",
          "price": "550"
,
"description": "lorem ipsum falana teengra dorime ameno ameno lachirey ameno mai dorime do la sorey ameno himtey dary ameno lachi re lachi re ameno"
        },
        {
          "web-scraper-order": "1621779917-383",
          "web-scraper-start-url": "https://www.amazon.com/s?i=specialty-aps&bbn=16225007011&rh=n%3A16225007011%2Cn%3A13896617011&ref=nav_em__nav_desktop_sa_intl_computers_tablets_0_2_6_4",
          "image": "https://m.media-amazon.com/images/I/81skV7BufjL._AC_UL320_.jpg",
          "title": "Acer Swift 3 Thin & Light Laptop, 14\" Full HD IPS",
          "price": "800"
,
"description": "lorem ipsum falana teengra dorime ameno ameno lachirey ameno mai dorime do la sorey ameno himtey dary ameno lachi re lachi re ameno"
        }
    ],
    [
      {
        "web-scraper-order": "1621780779-438",
        "web-scraper-start-url": "https://www.amazon.com/s?i=specialty-aps&bbn=16225007011&rh=n%3A16225007011%2Cn%3A1292115011&ref=nav_em__nav_desktop_sa_intl_monitors_0_2_6_8",
        "image": "https://m.media-amazon.com/images/I/81Cq+ySZwvL._AC_UL320_.jpg",
        "title": "ASUS VY249HE 23.8� Eye Care Monitor, 1080P Full HD, 75Hz",
        "price": "600",
        "description": "lorem ipsum falana teengra dorime ameno ameno lachirey ameno mai dorime do la sorey ameno himtey dary ameno lachi re lachi re ameno"
      },
      {
        "web-scraper-order": "1621780779-440",
        "web-scraper-start-url": "https://www.amazon.com/s?i=specialty-aps&bbn=16225007011&rh=n%3A16225007011%2Cn%3A1292115011&ref=nav_em__nav_desktop_sa_intl_monitors_0_2_6_8",
        "image": "https://m.media-amazon.com/images/I/91WlgTJfawL._AC_UL320_.jpg",
        "title": "HP 24ea IPS Display- 23.8 inch, White",
        "price": "500",
        "description": "lorem ipsum falana teengra dorime ameno ameno lachirey ameno mai dorime do la sorey ameno himtey dary ameno lachi re lachi re ameno"
      },
      {
        "web-scraper-order": "1621780779-429",
        "web-scraper-start-url": "https://www.amazon.com/s?i=specialty-aps&bbn=16225007011&rh=n%3A16225007011%2Cn%3A1292115011&ref=nav_em__nav_desktop_sa_intl_monitors_0_2_6_8",
        "image": "https://m.media-amazon.com/images/I/81-lVaD1rAL._AC_UL320_.jpg",
        "title": "Dell S2421HGF 24 Inch FHD TN, Anti-Glare Gaming Monitor",
        "price": "400",
        "description": "lorem ipsum falana teengra dorime ameno ameno lachirey ameno mai dorime do la sorey ameno himtey dary ameno lachi re lachi re ameno"
      },
      {
        "web-scraper-order": "1621780779-439",
        "web-scraper-start-url": "https://www.amazon.com/s?i=specialty-aps&bbn=16225007011&rh=n%3A16225007011%2Cn%3A1292115011&ref=nav_em__nav_desktop_sa_intl_monitors_0_2_6_8",
        "image": "https://m.media-amazon.com/images/I/71nFX3tkI2L._AC_UL320_.jpg",
        "title": "BenQ 24 Inch IPS Monitor | 1080P | Proprietary Eye-Care Tech",
        "price": "350",
        "description": "lorem ipsum falana teengra dorime ameno ameno lachirey ameno mai dorime do la sorey ameno himtey dary ameno lachi re lachi re ameno"
      },
     
      {
        "web-scraper-order": "1621780779-428",
        "web-scraper-start-url": "https://www.amazon.com/s?i=specialty-aps&bbn=16225007011&rh=n%3A16225007011%2Cn%3A1292115011&ref=nav_em__nav_desktop_sa_intl_monitors_0_2_6_8",
        "image": "https://m.media-amazon.com/images/I/81-lVaD1rAL._AC_UL320_.jpg",
        "title": "ASUS 24\" 1080P Gaming Monitor (VG248QG) - Full HD, 165Hz",
        "price": "220",
        "description": "lorem ipsum falana teengra dorime ameno ameno lachirey ameno mai dorime do la sorey ameno himtey dary ameno lachi re lachi re ameno"
      },
     
      {
        "web-scraper-order": "1621780779-432",
        "web-scraper-start-url": "https://www.amazon.com/s?i=specialty-aps&bbn=16225007011&rh=n%3A16225007011%2Cn%3A1292115011&ref=nav_em__nav_desktop_sa_intl_monitors_0_2_6_8",
        "image": "https://m.media-amazon.com/images/I/71nFX3tkI2L._AC_UL320_.jpg",
        "title": "LG 24M47VQ 24-Inch LED-lit Monitor, Black",
        "price": "440",
        "description": "lorem ipsum falana teengra dorime ameno ameno lachirey ameno mai dorime do la sorey ameno himtey dary ameno lachi re lachi re ameno"
      }
     
    ],
    [
      {
        "web-scraper-order": "1621781298-455",
        "web-scraper-start-url": "https://www.amazon.com/s?k=iphone&ref=nb_sb_noss_2",
        "image": "https://m.media-amazon.com/images/I/71xn9bCRfhL._AC_UY218_.jpg",
        "title": "Unlocked smartphones , X20Pro-L (2020) Android phone",
        "price": "500",
        "description": "lorem ipsum falana teengra dorime ameno ameno lachirey ameno mai dorime do la sorey ameno himtey dary ameno lachi re lachi re ameno"
      },
      {
        "web-scraper-order": "1621781298-463",
        "web-scraper-start-url": "https://www.amazon.com/s?k=iphone&ref=nb_sb_noss_2",
        "image": "https://m.media-amazon.com/images/I/71RxOftVoQL._AC_UY218_.jpg",
        "title": "Apple iPhone XR, 64GB, Yellow - Fully Unlocked (Renewed Premium)",
        "price": "700",
        "description": "lorem ipsum falana teengra dorime ameno ameno lachirey ameno mai dorime do la sorey ameno himtey dary ameno lachi re lachi re ameno"
      },
      {
        "web-scraper-order": "1621781298-464",
        "web-scraper-start-url": "https://www.amazon.com/s?k=iphone&ref=nb_sb_noss_2",
        "image": "https://m.media-amazon.com/images/I/71rSHVCL5cL._AC_UY218_.jpg",
        "title": "Simple Mobile Prepaid - Apple iPhone X (64GB) - Silver",
        "price": "450",
        "description": "lorem ipsum falana teengra dorime ameno ameno lachirey ameno mai dorime do la sorey ameno himtey dary ameno lachi re lachi re ameno"
      },
     
      {
        "web-scraper-order": "1621781298-460",
        "web-scraper-start-url": "https://www.amazon.com/s?k=iphone&ref=nb_sb_noss_2",
        "image": "https://m.media-amazon.com/images/I/51X6hgrbZCL._AC_UY218_.jpg",
        "title": "Apple iPhone 8 Plus, 64GB, Red - Fully Unlocked (Renewed Premium)",
        "price": "600",
        "description": "lorem ipsum falana teengra dorime ameno ameno lachirey ameno mai dorime do la sorey ameno himtey dary ameno lachi re lachi re ameno"
      },
     
      {
        "web-scraper-order": "1621781298-456",
        "web-scraper-start-url": "https://www.amazon.com/s?k=iphone&ref=nb_sb_noss_2",
        "image": "https://m.media-amazon.com/images/I/61v20wGgLOL._AC_UY218_.jpg",
        "title": "Apple iPhone XS Max, 64GB, Space Gray - Fully Unlocked (Renewed Premium)",
        "price": "550",
        "description": "lorem ipsum falana teengra dorime ameno ameno lachirey ameno mai dorime do la sorey ameno himtey dary ameno lachi re lachi re ameno"
      },
      {
        "web-scraper-order": "1621781298-469",
        "web-scraper-start-url": "https://www.amazon.com/s?k=iphone&ref=nb_sb_noss_2",
        "image": "https://m.media-amazon.com/images/I/71rSHVCL5cL._AC_UY218_.jpg",
        "title": "Apple iPhone XS, 256GB, Gold - Fully Unlocked (Renewed Premium)",
        "price": "500",
        "description": "lorem ipsum falana teengra dorime ameno ameno lachirey ameno mai dorime do la sorey ameno himtey dary ameno lachi re lachi re ameno"
      }
    ],
    [
      {
        "web-scraper-order": "1621782819-493",
        "web-scraper-start-url": "https://www.amazon.com/s?k=dog+food&rh=n%3A2975312011&ref=nb_sb_noss",
        "image": "https://m.media-amazon.com/images/I/71Rogdhu44L._AC_UL320_.jpg",
        "title": "Amazon Brand - Wag Dry Dog Food, No Added Grains ",
        "price": "50",
        "description": "lorem ipsum falana teengra dorime ameno ameno lachirey ameno mai dorime do la sorey ameno himtey dary ameno lachi re lachi re ameno"
      },
      {
        "web-scraper-order": "1621782819-500",
        "web-scraper-start-url": "https://www.amazon.com/s?k=dog+food&rh=n%3A2975312011&ref=nb_sb_noss",
        "image": "https://m.media-amazon.com/images/I/81WKZtPJaXL._AC_UL320_.jpg",
        "title": "Now House for Pets by Jonathan Adler Oslo Duo Dog Bowl, Large ",
        "price": "30",
        "description": "lorem ipsum falana teengra dorime ameno ameno lachirey ameno mai dorime do la sorey ameno himtey dary ameno lachi re lachi re ameno"
      },
     
      {
        "web-scraper-order": "1621782819-501",
        "web-scraper-start-url": "https://www.amazon.com/s?k=dog+food&rh=n%3A2975312011&ref=nb_sb_noss",
        "image": "https://m.media-amazon.com/images/I/71a3PiwAJwL._AC_UL320_.jpg",
        "title": "Peanuts for Pets Charlie Brown Woodstock Stump Burrow Dog Toy",
        "price": "60",
        "description": "lorem ipsum falana teengra dorime ameno ameno lachirey ameno mai dorime do la sorey ameno himtey dary ameno lachi re lachi re ameno"
      },
      {
        "web-scraper-order": "1621782819-496",
        "web-scraper-start-url": "https://www.amazon.com/s?k=dog+food&rh=n%3A2975312011&ref=nb_sb_noss",
        "image": "https://m.media-amazon.com/images/I/812o0KZ-t-L._AC_UL320_.jpg",
        "title": "Platinum Pets Embossed Non-Tip Stainless Steel Cat/Dog Bowl",
        "price": "45",
        "description": "lorem ipsum falana teengra dorime ameno ameno lachirey ameno mai dorime do la sorey ameno himtey dary ameno lachi re lachi re ameno"
      },
     
      {
        "web-scraper-order": "1621782819-495",
        "web-scraper-start-url": "https://www.amazon.com/s?k=dog+food&rh=n%3A2975312011&ref=nb_sb_noss",
        "image": "https://m.media-amazon.com/images/I/71Ci8-eufhL._AC_UL320_.jpg",
        "title": "Amazon Brand - Wag Dry Dog/Puppy Food, 35% Protein",
        "price": "25",
        "description": "lorem ipsum falana teengra dorime ameno ameno lachirey ameno mai dorime do la sorey ameno himtey dary ameno lachi re lachi re ameno"
      },
      {
        "web-scraper-order": "1621782819-497",
        "web-scraper-start-url": "https://www.amazon.com/s?k=dog+food&rh=n%3A2975312011&ref=nb_sb_noss",
        "image": "https://m.media-amazon.com/images/I/811v17QNOUL._AC_UL320_.jpg",
        "title": "Nulo Adult Dog Food: Grain Free, All Natural Dry Pet Kibble",
        "price": "45",
        "description": "lorem ipsum falana teengra dorime ameno ameno lachirey ameno mai dorime do la sorey ameno himtey dary ameno lachi re lachi re ameno"
      }
    ],
    [
      {
        "web-scraper-order": "1621783276-535",
        "web-scraper-start-url": "https://www.amazon.com/s?k=dog+toys&rh=n%3A2975312011&ref=nb_sb_noss",
        "image": "https://m.media-amazon.com/images/I/71lSIyl4hyL._AC_UL320_.jpg",
        "title": "Browning Squirrel Squeaker Toy | Grey, Squirrel Fabric Squeaker (P13200199)",
        "price": "12",
        "description": "lorem ipsum falana teengra dorime ameno ameno lachirey ameno mai dorime do la sorey ameno himtey dary ameno lachi re lachi re ameno"
      },
     
      {
        "web-scraper-order": "1621783276-531",
        "web-scraper-start-url": "https://www.amazon.com/s?k=dog+toys&rh=n%3A2975312011&ref=nb_sb_noss",
        "image": "https://m.media-amazon.com/images/I/81zrNwrZDpL._AC_UL320_.jpg",
        "title": "Outward Hound Toys Dogs Crave - Must Have Toys for Dogs",
        "price": "10",
        "description": "lorem ipsum falana teengra dorime ameno ameno lachirey ameno mai dorime do la sorey ameno himtey dary ameno lachi re lachi re ameno"
      },
      
     
      {
        "web-scraper-order": "1621783276-525",
        "web-scraper-start-url": "https://www.amazon.com/s?k=dog+toys&rh=n%3A2975312011&ref=nb_sb_noss",
        "image": "https://m.media-amazon.com/images/I/71nl6WEZV5L._AC_UL320_.jpg",
        "title": "Nickelodeon Spongebob Squarepants 3 Piece Squidward",
        "price": "15",
        "description": "lorem ipsum falana teengra dorime ameno ameno lachirey ameno mai dorime do la sorey ameno himtey dary ameno lachi re lachi re ameno"
      },
      {
        "web-scraper-order": "1621783276-521",
        "web-scraper-start-url": "https://www.amazon.com/s?k=dog+toys&rh=n%3A2975312011&ref=nb_sb_noss",
        "image": "https://m.media-amazon.com/images/I/81bIZlWlq6L._AC_UL320_.jpg",
        "title": "Arm & Hammer for Pets Ora-Play T-Bone Dental Chew Toy",
        "price":"10",
        "description": "lorem ipsum falana teengra dorime ameno ameno lachirey ameno mai dorime do la sorey ameno himtey dary ameno lachi re lachi re ameno"
      },
      {
        "web-scraper-order": "1621783276-520",
        "web-scraper-start-url": "https://www.amazon.com/s?k=dog+toys&rh=n%3A2975312011&ref=nb_sb_noss",
        "image": "https://m.media-amazon.com/images/I/81vw850JmNL._AC_UL320_.jpg",
        "title": "Outward Hound Hide-A-Squirrel Squeaky Puzzle Plush Dog Toy",
        "price": "12",
        "description": "lorem ipsum falana teengra dorime ameno ameno lachirey ameno mai dorime do la sorey ameno himtey dary ameno lachi re lachi re ameno"
      },
      {
        "web-scraper-order": "1621783276-523",
        "web-scraper-start-url": "https://www.amazon.com/s?k=dog+toys&rh=n%3A2975312011&ref=nb_sb_noss",
        "image": "https://m.media-amazon.com/images/I/81f0nZ921HL._AC_UL320_.jpg",
        "title": "Nina Ottosson by Outward Hound Dog Smart Orange Interactive Treat Puzzle Dog Toy",
        "price": "10",
        "description": "lorem ipsum falana teengra dorime ameno ameno lachirey ameno mai dorime do la sorey ameno himtey dary ameno lachi re lachi re ameno"
      }
     ],
     [
      {
        "web-scraper-order": "1621783950-584",
        "web-scraper-start-url": "https://www.amazon.com/s?k=hiking+gear&ref=nb_sb_noss",
        "image": "https://m.media-amazon.com/images/I/717Lg5CHEJL._AC_UL320_.jpg",
        "title": "Timok Emergency Sleeping Bags Thermal-Emergency-Blankets",
        "price": "100",
        "description": "lorem ipsum falana teengra dorime ameno ameno lachirey ameno mai dorime do la sorey ameno himtey dary ameno lachi re lachi re ameno"
      },
     
      {
        "web-scraper-order": "1621783950-544",
        "web-scraper-start-url": "https://www.amazon.com/s?k=hiking+gear&ref=nb_sb_noss",
        "image": "https://m.media-amazon.com/images/I/71rX5CWnQkL._AC_UL320_.jpg",
        "title": "Xtansuo Women�s Hiking Pants Lightweight Capris",
        "price": "50",
        "description": "lorem ipsum falana teengra dorime ameno ameno lachirey ameno mai dorime do la sorey ameno himtey dary ameno lachi re lachi re ameno"
      },
      {
        "web-scraper-order": "1621783950-568",
        "web-scraper-start-url": "https://www.amazon.com/s?k=hiking+gear&ref=nb_sb_noss",
        "image": "https://m.media-amazon.com/images/I/81DqoBvY-PL._AC_UL320_.jpg",
        "title": "Monoki First Aid Kit Survival Kit, 241Pcs Upgraded Outdoor",
        "price": "70",
        "description": "lorem ipsum falana teengra dorime ameno ameno lachirey ameno mai dorime do la sorey ameno himtey dary ameno lachi re lachi re ameno"
      },
      {
        "web-scraper-order": "1621783950-572",
        "web-scraper-start-url": "https://www.amazon.com/s?k=hiking+gear&ref=nb_sb_noss",
        "image": "https://m.media-amazon.com/images/I/51UoNA5k3IL._AC_UL320_.jpg",
        "title": "EVERLIT 250 Pieces Survival First Aid Kit IFAK Molle System",
        "price": "25",
        "description": "lorem ipsum falana teengra dorime ameno ameno lachirey ameno mai dorime do la sorey ameno himtey dary ameno lachi re lachi re ameno"
      },
      {
        "web-scraper-order": "1621783950-553",
        "web-scraper-start-url": "https://www.amazon.com/s?k=hiking+gear&ref=nb_sb_noss",
        "image": "https://m.media-amazon.com/images/I/81kqRe2d88L._AC_UL320_.jpg",
        "title": "MIRACOL Hydration Backpack Packs with 2L Auto Shut-Off",
        "price": "33",
        "description": "lorem ipsum falana teengra dorime ameno ameno lachirey ameno mai dorime do la sorey ameno himtey dary ameno lachi re lachi re ameno"
      },
      {
        "web-scraper-order": "1621783950-570",
        "web-scraper-start-url": "https://www.amazon.com/s?k=hiking+gear&ref=nb_sb_noss",
        "image": "https://m.media-amazon.com/images/I/81abhrZT5UL._AC_UL320_.jpg",
        "title": "550 Paracord 100 Feet 9-Strand Core Nylon Rope",
        "price": "75",
        "description": "lorem ipsum falana teengra dorime ameno ameno lachirey ameno mai dorime do la sorey ameno himtey dary ameno lachi re lachi re ameno"
      }
    ],
    [
      {
        "web-scraper-order": "1621784367-602",
        "web-scraper-start-url": "https://www.amazon.com/s?k=gym+equipment&ref=nb_sb_noss_2",
        "image": "https://m.media-amazon.com/images/I/919ZTcSWxPL._AC_UL320_.jpg",
        "title": "Power Tower Dip Station, Pull Up Bar Station & Multi-Function",
        "price": "30",
        "description": "lorem ipsum falana teengra dorime ameno ameno lachirey ameno mai dorime do la sorey ameno himtey dary ameno lachi re lachi re ameno"
      },
      {
        "web-scraper-order": "1621784367-646",
        "web-scraper-start-url": "https://www.amazon.com/s?k=gym+equipment&ref=nb_sb_noss_2",
        "image": "https://m.media-amazon.com/images/I/814fJYMhgAS._AC_UL320_.jpg",
        "title": "Jump Rope Battle Rope for Home Gym Workout Rope",
        "price": "35",
        "description": "lorem ipsum falana teengra dorime ameno ameno lachirey ameno mai dorime do la sorey ameno himtey dary ameno lachi re lachi re ameno"
      },
     
      {
        "web-scraper-order": "1621784367-593",
        "web-scraper-start-url": "https://www.amazon.com/s?k=gym+equipment&ref=nb_sb_noss_2",
        "image": "https://m.media-amazon.com/images/I/71tVNDCjixL._AC_UL320_.jpg",
        "title": "Finer Form Multi-Functional Weight Bench for Full All-in-One",
        "price": "45",
        "description": "lorem ipsum falana teengra dorime ameno ameno lachirey ameno mai dorime do la sorey ameno himtey dary ameno lachi re lachi re ameno"
      },
      {
        "web-scraper-order": "1621784367-611",
        "web-scraper-start-url": "https://www.amazon.com/s?k=gym+equipment&ref=nb_sb_noss_2",
        "image": "https://m.media-amazon.com/images/I/61GgpIhpavL._AC_UL320_.jpg",
        "title": "Marcy MWM-988 Multifunction Steel Home Gym 150lb Weight Stack Machine",
        "price": "45",
        "description": "lorem ipsum falana teengra dorime ameno ameno lachirey ameno mai dorime do la sorey ameno himtey dary ameno lachi re lachi re ameno"
      },
      {
        "web-scraper-order": "1621784367-642",
        "web-scraper-start-url": "https://www.amazon.com/s?k=gym+equipment&ref=nb_sb_noss_2",
        "image": "https://m.media-amazon.com/images/I/81XwkGsVuoL._AC_UL320_.jpg",
        "title": "Fitty Max Fitness Cable Pulley System Gym. at Home Cable Machine",
        "price":"23",
        "description": "lorem ipsum falana teengra dorime ameno ameno lachirey ameno mai dorime do la sorey ameno himtey dary ameno lachi re lachi re ameno"
      },
     
      {
        "web-scraper-order": "1621784367-623",
        "web-scraper-start-url": "https://www.amazon.com/s?k=gym+equipment&ref=nb_sb_noss_2",
        "image": "https://m.media-amazon.com/images/I/919ZTcSWxPL._AC_UL320_.jpg",
        "title": "YaNovate Fitness LAT and Lift Pulley System with Loading Pin",
        "price": "60",
        "description": "lorem ipsum falana teengra dorime ameno ameno lachirey ameno mai dorime do la sorey ameno himtey dary ameno lachi re lachi re ameno"
      }
     ],

    [
      {

        "image": "images/laptopItem.jpg",
        "title": "HP Pavilion Power 15",
        "price": "600",
        "description": "Get any high demand task done with this multi purpose laptop powered by Intel Processer: intel i7 7th Gen RAM: 8GB  GPU: GTX 1050"
      },
      {
        "image": "images/tshirtItem.jpg",
        "title": "Plain Tees",
        "price": "30",
        "description":"Look fresh in the summer with these soft and comfortable plain tees"
      },
      {
        "image": "images/bagItem.jpg",
        "title": "Hiking Bag",
        "price": "75",
        "description":"Go to your favorite spots with this trusty and durable backpack. Made extra tough with stretchy material for those occassions where you just have to stuff everything!"
      },
      {
        "image": "images/micItem.jpg",
        "title":"High Quality MicroPhone",
        "price": "200",
        "description":"Crisp quality microphone perfect for any voice artists or musicians. Comes with the code for your supportive software download"
      },
      {
        "image":"images/mouseItem.jpg",
        "title":"Gaming Mouse",
        "price":"60",
        "description":"Amp up your gaming sessions with the high quality censor the G502 provides. Made durable with button life of almost 1million clicks. Happy Gaming !"
      },
      {
        "image":"images/shoesItem.jpg",
        "title":"Air Jordans By Nike",
        "price":"120",
        "description": "Get these limited edition Air Jordans by Nike. Available in white, red and black variants"
      }
    ]

]